{"reward": -13.042966467142104, "roomnavmetricpoint": 10.366712669283151, "roomsuccess": 0.07, "step": 36867072, "checkpoint": 8, "_runtime": 2352, "_timestamp": 1622623957, "_step": 0}