{"reward": 1.219533664882183, "roomnavmetricpoint": 0.4156062148860656, "roomsuccess": 0.9725, "step": 8643456, "checkpoint": 9, "_runtime": 5140, "_timestamp": 1621869272, "_step": 0}