{"reward": -10.76503302693367, "roomnavmetricpoint": 6.92895367950201, "roomsuccess": 0.21, "step": 36867072, "checkpoint": 8, "_runtime": 3343, "_timestamp": 1621510863, "_step": 0}